﻿pos_x,pos_y,rotation,side,designator,mpn,pack,value,mount_type,place
146.4625,-59.5,0.0,top,C1,,C_0805_2012Metric_Pad1.18x1.45mm_HandSolder,100nF,smt,True
141.0,-59.5,180.0,top,C2,,C_0805_2012Metric_Pad1.18x1.45mm_HandSolder,220pF,smt,True
146.42,-54.0,0.0,top,D1,,D_DO-41_SOD81_P10.16mm_Horizontal,1N4007,tht,True
156.08,-66.0,180.0,top,D2,,D_DO-41_SOD81_P10.16mm_Horizontal,1N4007,tht,True
105.08,-89.5,0.0,top,D3,,LED_D1.8mm_W3.3mm_H2.4mm,Green LED 1,tht,True
116.999583,-89.5,0.0,top,D4,,LED_D1.8mm_W3.3mm_H2.4mm,Green LED 2,tht,True
128.919166,-89.5,0.0,top,D5,,LED_D1.8mm_W3.3mm_H2.4mm,Green LED 3,tht,True
140.838749,-89.5,0.0,top,D6,,LED_D1.8mm_W3.3mm_H2.4mm,Yellow LED 1,tht,True
152.758332,-89.5,0.0,top,D7,,LED_D1.8mm_W3.3mm_H2.4mm,Yellow LED 2,tht,True
164.677915,-89.5,0.0,top,D8,,LED_D1.8mm_W3.3mm_H2.4mm,Red LED 1,tht,True
176.5975,-89.5,0.0,top,D9,,LED_D1.8mm_W3.3mm_H2.4mm,Red LED 2,tht,True
162.2,-54.0,0.0,top,F1,,Fuseholder_Cylinder-5x20mm_Stelvio-Kontek_PTF78_Horizontal_Open,Fuse (200mA),tht,True
103.5,-53.5,0.0,top,H1,,MountingHole_3.2mm_M3_Pad,MountingHole,tht,False
191.5,-53.5,0.0,top,H2,,MountingHole_3.2mm_M3_Pad,MountingHole,tht,False
103.5,-109.5,0.0,top,H3,,MountingHole_3.2mm_M3_Pad,MountingHole,tht,False
191.5,-109.5,0.0,top,H4,,MountingHole_3.2mm_M3_Pad,MountingHole,tht,False
188.95,-101.2,180.0,top,J1,,PinSocket_1x11_P2.54mm_Vertical,Arduino Connector,tht,True
189.0,-61.5,0.0,top,J13,,PinSocket_1x03_P2.54mm_Vertical,OBDII Connector,tht,True
126.5,-72.5,0.0,top,J2,,PinHeader_1x01_P2.54mm_Vertical,GND,tht,True
126.5,-59.5,0.0,top,J3,,PinHeader_1x01_P2.54mm_Vertical,Batt,tht,True
126.5,-66.0,0.0,top,J4,,PinHeader_1x01_P2.54mm_Vertical,LIN,tht,True
184.5,-64.0,0.0,top,R1,,R_0805_2012Metric_Pad1.20x1.40mm_HandSolder,1kΩ,smt,True
169.0,-71.5,90.0,top,R2,,R_0805_2012Metric_Pad1.20x1.40mm_HandSolder,4.6kΩ,smt,True
106.0,-83.5,90.0,top,R3,,R_0805_2012Metric_Pad1.20x1.40mm_HandSolder,220Ω,smt,True
117.919583,-83.5,90.0,top,R4,,R_0805_2012Metric_Pad1.20x1.40mm_HandSolder,220Ω,smt,True
129.839166,-83.5,90.0,top,R5,,R_0805_2012Metric_Pad1.20x1.40mm_HandSolder,220Ω,smt,True
141.758749,-83.5,90.0,top,R6,,R_0805_2012Metric_Pad1.20x1.40mm_HandSolder,220Ω,smt,True
153.678332,-83.5,90.0,top,R7,,R_0805_2012Metric_Pad1.20x1.40mm_HandSolder,220Ω,smt,True
165.597915,-83.5,90.0,top,R8,,R_0805_2012Metric_Pad1.20x1.40mm_HandSolder,220Ω,smt,True
177.5175,-83.5,90.0,top,R9,,R_0805_2012Metric_Pad1.20x1.40mm_HandSolder,220Ω,smt,True
177.0,-71.0,90.0,top,SN65HVDA195,,SOIC-8_3.9x4.9mm_P1.27mm,~,smt,True
