﻿designator,quantity,value,pack,mpn,mount_type
C1,1,100nF,C_0805_2012Metric_Pad1.18x1.45mm_HandSolder,,smt
C2,1,220pF,C_0805_2012Metric_Pad1.18x1.45mm_HandSolder,,smt
"D1, D2",2,1N4007,D_DO-41_SOD81_P10.16mm_Horizontal,,tht
D3,1,Green LED 1,LED_D1.8mm_W3.3mm_H2.4mm,,tht
D4,1,Green LED 2,LED_D1.8mm_W3.3mm_H2.4mm,,tht
D5,1,Green LED 3,LED_D1.8mm_W3.3mm_H2.4mm,,tht
D6,1,Yellow LED 1,LED_D1.8mm_W3.3mm_H2.4mm,,tht
D7,1,Yellow LED 2,LED_D1.8mm_W3.3mm_H2.4mm,,tht
D8,1,Red LED 1,LED_D1.8mm_W3.3mm_H2.4mm,,tht
D9,1,Red LED 2,LED_D1.8mm_W3.3mm_H2.4mm,,tht
F1,1,Fuse (200mA),Fuseholder_Cylinder-5x20mm_Stelvio-Kontek_PTF78_Horizontal_Open,,tht
"H1, H2, H3, H4",4,MountingHole,MountingHole_3.2mm_M3_Pad,,tht
J1,1,Arduino Connector,PinSocket_1x11_P2.54mm_Vertical,,tht
J13,1,OBDII Connector,PinSocket_1x03_P2.54mm_Vertical,,tht
J2,1,GND,PinHeader_1x01_P2.54mm_Vertical,,tht
J3,1,Batt,PinHeader_1x01_P2.54mm_Vertical,,tht
J4,1,LIN,PinHeader_1x01_P2.54mm_Vertical,,tht
R1,1,1kΩ,R_0805_2012Metric_Pad1.20x1.40mm_HandSolder,,smt
R2,1,4.6kΩ,R_0805_2012Metric_Pad1.20x1.40mm_HandSolder,,smt
"R3, R4, R5, R6, R7, R8, R9",7,220Ω,R_0805_2012Metric_Pad1.20x1.40mm_HandSolder,,smt
SN65HVDA195,1,~,SOIC-8_3.9x4.9mm_P1.27mm,,smt
